-- phpMyAdmin SQL Dump
-- version 4.4.7
-- http://www.phpmyadmin.net
--
-- Хост: localhost
-- Час створення: Чрв 12 2015 р., 10:14
-- Версія сервера: 5.6.22-log
-- Версія PHP: 5.4.35

SET SQL_MODE = "NO_AUTO_VALUE_ON_ZERO";
SET time_zone = "+00:00";


/*!40101 SET @OLD_CHARACTER_SET_CLIENT=@@CHARACTER_SET_CLIENT */;
/*!40101 SET @OLD_CHARACTER_SET_RESULTS=@@CHARACTER_SET_RESULTS */;
/*!40101 SET @OLD_COLLATION_CONNECTION=@@COLLATION_CONNECTION */;
/*!40101 SET NAMES utf8 */;

--
-- База даних: `ch`
--

-- --------------------------------------------------------

--
-- Структура таблиці `comments`
--

CREATE TABLE IF NOT EXISTS `comments` (
  `id` int(11) NOT NULL,
  `id_user` int(11) NOT NULL,
  `text` text NOT NULL,
  `datetime` datetime NOT NULL,
  `location` text NOT NULL
) ENGINE=InnoDB AUTO_INCREMENT=3 DEFAULT CHARSET=utf8;

--
-- Дамп даних таблиці `comments`
--

INSERT INTO `comments` (`id`, `id_user`, `text`, `datetime`, `location`) VALUES
(1, 2, 'Дякую за добре проведений час і цілком реальну вартість туру. Всім рекомендую!', '2015-05-15 16:23:18', '/'),
(2, 4, 'Щиро дякую, туристичній фірмі "Чумацький шлях" і гіду Іриниі Гончар, за чудові вихідні в Парижі. \r\nЗавдяки професійності цих творчих людей у нас залишились незабутні враження і бажання до нових подорожей.\r\nБажаю процвітання, успіхів і творчої наснаги.', '2015-05-30 18:44:31', '/');

-- --------------------------------------------------------

--
-- Структура таблиці `countries`
--

CREATE TABLE IF NOT EXISTS `countries` (
  `id` int(11) NOT NULL,
  `name` varchar(30) NOT NULL,
  `code` text NOT NULL,
  `id_currency` int(11) NOT NULL,
  `description` text NOT NULL,
  `photo` text NOT NULL
) ENGINE=InnoDB AUTO_INCREMENT=33 DEFAULT CHARSET=utf8;

--
-- Дамп даних таблиці `countries`
--

INSERT INTO `countries` (`id`, `name`, `code`, `id_currency`, `description`, `photo`) VALUES
(1, 'Україна', 'ua', 1, 'Оспівана, чудова, для більшості з нас вона є Батьківщиною, проте щороку Україну відвідують і чимало туристів з-за кордону. Чому? Україна – це унікальне поєднання величних схилів Карпатських гір та Закарпаття, з його колоритним життям та неймовірною природою, пляжів Азовського та Чорного морів. Про красу і велич нашої землі було сказано вже доволі багато; ми ж пропонуємо Вам не шукати кращого далеко, а якісно і недорого відпочити в межах своєї держави.\r\nВлітку пропонуємо економні бази відпочинку та якісні готелі в Одеській, Херсонській, Миколаївській областях; відпочинок на Шацьких озерах, сплави по Дністру на байдарках, спелеоекскурсії (печери Млинки, Кришталева, Вертеба, Оптимістична).\r\nДля чудового відпочинку як літом,так і зимою до Ваших послуг готелі та бази в Карпатських горах.  \r\nКрім цього, ми пропонуємо цікаві екскурсії всією Україною, участь у подіях, фестивалях, квестах,  щоб саме, ми, українці, достеменно знали, в якій чудові країні ми живемо і якими численними багатствами можемо пишатися.', '7'),
(2, 'Іспанія', 'es', 2, 'Що такого є в Іспанії , що змушує повертатися в цю країну знову і знову? Можливо це Барселона з її ажурними будинками роботи Гауді. А може гаряча і пристрасна Севілья , де жила Кармен і її Хосе , де досі розпалюються неабиякі пристрасті , танцюють ритмічний і яскравий танець фламенко , демонструють відвагу на арені для бою биків Чи це Толедо , де кожен камінь може розповісти багато цікавих історій про неймовірну долю цього міста. Не можна також оминути і іспанську кухню як одну із найкращих у світі, що славиться не лише виключним смаком, а й різноманіттям.\r\nНа особливу увагу заслуговують вина Іспанії; тут зосереджено понад 60 виноробних регіонів, їхнє виробництво ретельно контролюється владою на всіх етапах. Ми також пропонуємо Вашій увазі наш ексклюзивний пакет послуг – риболовля на річці Ебро. Тут Ви гарантовано зможете насолодитися красивим и краєвидами та зловити сома, середня довжина якого становить 2 м. Для вдалого відпочинку та великого улову ми надаємо Вам комфортне проживання в кращих готелях риболовних містечок, повноцінне харчування, а також забезпечуємо усім необхідним спорядженням. Іспанія – багатогранна і грандіозна країна. Це сонячні узбережжя , широкі пляжі і блакитне море . Чим частіше ви приїжджаєте до Іспанії , тим сильніше Вам хочеться ніколи її не залишати.', ''),
(3, 'Франція', 'fr', 0, '', ''),
(4, 'Бельгія', 'be', 0, '', ''),
(5, 'Польща', 'pl', 0, '', ''),
(6, 'Туреччина', 'tr', 0, '', ''),
(7, 'Німеччина', 'de', 0, '', ''),
(8, 'Нідерланди', 'nl', 0, '', ''),
(9, 'Чехія', 'cz', 0, '', ''),
(10, 'Італія', 'it', 0, '', ''),
(11, 'Греція', 'gr', 0, '', ''),
(12, 'Словаччина', 'sk', 0, '', ''),
(13, 'Хорватія', 'hr', 0, '', ''),
(14, 'Австрія', 'at', 0, '', ''),
(15, 'Австралія', 'au', 0, '', ''),
(16, 'Угорщина', 'hu', 0, '', ''),
(17, 'Португалія', 'pt', 0, '', ''),
(18, 'Литва', 'lt', 0, '', ''),
(19, 'Латвія', 'lv', 0, '', ''),
(20, 'Велика Британія', 'gb', 0, '', ''),
(21, 'Ірландія', 'ie', 0, '', ''),
(22, 'Ісландія', 'is', 0, '', ''),
(23, 'Норвегія', 'no', 0, '', ''),
(24, 'Швеція', 'se', 0, '', ''),
(25, 'Данія', 'dk', 0, '', ''),
(26, 'Фінляндія', 'fi', 0, '', ''),
(27, 'Естонія', 'ee', 0, '', ''),
(28, 'Грузія', 'ge', 0, '', ''),
(29, 'Сполучені Штати Америки', 'us', 0, '', ''),
(30, 'Японія', 'jp', 0, '', ''),
(31, 'Малазія', 'my', 0, '', ''),
(32, 'Об''єднані Арабські Емірати', 'ае', 0, '', '');

-- --------------------------------------------------------

--
-- Структура таблиці `currency`
--

CREATE TABLE IF NOT EXISTS `currency` (
  `id` int(11) NOT NULL,
  `name` varchar(30) NOT NULL,
  `symbol` text NOT NULL,
  `currency_code` varchar(3) NOT NULL,
  `exchange_rate` double NOT NULL
) ENGINE=InnoDB AUTO_INCREMENT=4 DEFAULT CHARSET=utf8;

--
-- Дамп даних таблиці `currency`
--

INSERT INTO `currency` (`id`, `name`, `symbol`, `currency_code`, `exchange_rate`) VALUES
(1, 'Гривня', '₴', 'UAH', 1),
(2, 'Євро', '€', 'EUR', 23.586749),
(3, 'Долар США', '$', 'USD', 21.025806);

-- --------------------------------------------------------

--
-- Структура таблиці `news`
--

CREATE TABLE IF NOT EXISTS `news` (
  `id` int(11) NOT NULL,
  `date` date NOT NULL,
  `caption` text NOT NULL,
  `text` text NOT NULL
) ENGINE=InnoDB AUTO_INCREMENT=4 DEFAULT CHARSET=utf8;

--
-- Дамп даних таблиці `news`
--

INSERT INTO `news` (`id`, `date`, `caption`, `text`) VALUES
(1, '2015-05-03', 'Десять причин відвідати Іспанію', 'В Іспанії кожне місто має свій неповторний колорит, багату історію, традиції. А численні піщані пляжі, прекрасна природа і різноманітні парки розваг подарують кожному гостю країни масу приємних та незабутніх вражень.<br>\r\n<br>\r\n1. Відпочинок круглий рік. В Іспанії можна відпочивати на морі цілий рік: влітку на узбережжі або на Балеарських островах, а взимку на Канарських островах. До того ж клімат на Канарах дуже стабільний. Середньорічна температура +20 без сильної спеки навіть в розпал літа, вода тепла за будь-якого сезону.<br>\r\n<br>\r\nНа північ країни (від Галісії до Каталонії) значно впливає Атлантичний океан: тут м&#039;яка волога зима і помірно тепле літо. А на південно-східнму узбережжі (Андалусія і Естремадура) — середземноморський клімат з дуже м&#039;якою короткою зимою і сухим жарким літом.<br>\r\n<br>\r\nВ центральній частині країни клімат різко континентальний, з помітною різницею між денною і нічною температурою. Літо жарке і сухе, зима суха і холодна. Тим не менше це не заважає туристам приїжджати до Іспанії впродовж усього року.<br>\r\n<br>\r\n2. Зручний транспорт. Іспанія — дуже зручна для мандрівників країна. У кожному більш-менш великому місті для зручності туристів є спеціальні туристичні автобуси. Купивши квиток, ви зможете протягом одного-двох днів користуватися автобусами скільки завгодно.<br>\r\n<br>\r\nМережа зупинок подібних туристичних автобусів охоплює основні пам’ятки міста, дозволяючи неспішно оглянути практично все місто. Крім того, не так давно в Іспанії з’явився і спеціальний туристичний поїзд — Expreso de la Robla.<br>\r\n<br>\r\nExpreso de la Robla їздить за двома маршрутами: перший називається La Robla і йде за маршрутом Більбао-Леон-Більбао, а другий поїзд Jacobeo — за маршрутом Хіхон-Ферроль-Хіхон.<br>\r\n<br>\r\n3. Доброзичливі іспанці. В Іспанії може бути багато проблем, але чого ви не побачите, так це зневажливого ставлення до туристів. Тут вас не будуть хапати за руки, пропонуючи черговий сувенір з Китаю або послуги екскурсовода. Навпаки, вам з радістю допоможуть та ще й на обід запросять.<br>\r\n<br>\r\n4. Шопінг. Іспанія — один зі світових центрів шопінгу. В країні безліч магазинів відомих марок, регулярно проводяться тижні моди, а у великих містах ви можете знайти масу аутлетів, іноді навіть виділених в окремі «шоп-села».<br>\r\n<br>\r\nЯкщо ви хочете придбати в подарунок сувенір з Іспанії, то краще за знамениті сири, вина, хамон і різні сувеніри-символи країни (віяла, спідниці, туфлі для фламенко) — не придумаєш. Іспанські майстрині створюють дивовижні мережива, а також роблять майстерну вишивку по шовку. Ще з країни варто прихопити пляшку хересу, сангрії або мальвазії.<br>\r\n<br>\r\nПід час сієсти (з 13:00 до 16:00) на обід закривається більшість банків, магазинів і державних установ. Години роботи магазинів з 9:00 до 13:00 та з 16:00 до 20:00. Великі універмаги часто працюють без перерви. По суботах магазини зазвичай відкриті до 13:00, неділя — вихідний.<br>\r\n<br>\r\n5. Смачна європейська кухня. Національна кухня Іспанії — це поняття абстрактне. В країні велика кількість кухонь різних регіонів, кожна з яких має свої особливості.<br>\r\n<br>\r\nНайвідоміше іспанське блюдо — паелья (рис з морепродуктами), також варто спробувати хамон — сиров’ялену свинину. Дуже поширені страви з риби і морепродуктів. З алкоголю в Іспанії популярні каталонські білі вина «Пенедес» і «Ампурдан». Херес з міста Херес-де-ла-Фронтера на південному заході Андалусії вважається гордістю країни, а на канарському острові Лансароте роблять хороше напівсолодке вино «Мальвазія».<br>\r\n<br>\r\nІнший алкогольний символ Іспанії — сангрія. Сангрію роблять на основі напівсолодкого червоного вина з додаванням газованого напою, льоду і нарізаних фруктів.<br>\r\n<br>\r\n6. Фламенко. Фламенко давно завоював світову популярність. Традиційний музично-танцювальний стиль родом з Андалусії представлений декількома різновидами. Загалом налічують понад 50 видів фламенко. Танці фламенко супроводжуються гітарою і перкусією: ритмічним биттям в долоні, грою на перкусійному ящику, іноді кастаньєтами.<br>\r\n<br>\r\n7. Корида. Корида в Іспанії не просто святкове видовище — це справжнє мистецтво, що стало культурним символом країни. Корида вражає одночасно своєю красою і жорстокістю.<br>\r\n<br>\r\nКорида — це не просто бій, як може здатися на перший погляд, це цілий спектакль, який має свої правила і ритуали. Керує дією президент або голова, в ролі якого зазвичай виступає мер міста. Він подає сигнал до початку кожної дії, вирішує, коли на сцену вийде бик, пікадор, і нагороджує матадорів.<br>\r\n<br>\r\nБиків для кориди вирощують спеціально. Всі вони агресивних порід, легко дратуються і готові атакувати. Особливо цінуються бики зі швидкою реакцією, спритні і сильні. Нерідко красивого, могутнього бика залишали живим під час кориди.<br>\r\n<br>\r\n8. Світові молодіжні курорти. В Іспанії найвеселіші міжнародні молодіжні тусовки: Ібіца, Бенідорм, Коста Дорада… Всесвітню популярність отримав курорт Ібіца. Саме тут зародилися деякі музичні течії (найвідоміша — хаус).<br>\r\n<br>\r\nСьогодні Ібіца — це унікальне поєднання насичених нічних розваг, кілометрів комфортних пляжів і барвистих вузьких вуличок з безліччю магазинів і сувенірних лавок. Клубний сезон на Ібіці відкривається на початку червня і триває до кінця вересня. Приїхавши сюди в липні-серпні, ви потрапите в молодіжну атмосферу нескінченних вечірок і гулянь.<br>\r\n<br>\r\n9. Сімейний відпочинок. Іспанія пропонує прекрасні можливості для відпочинку з дітьми. Вам зроблять значні знижки при купівлі туру, відвідуванні аквапарків, парків розваг, зоопарків, цирків, дельфінарію. Це буде незабутній відпочинок для всієї сім’ї.<br>\r\n<br>\r\nОдним з найпопулярніших сімейних курортів країни вважається Коста Дорада. Курорт розташований на північно-східному узбережжі Середземного моря. Піщані пляжі і неглибокий вхід в море принесуть справжнє задоволення любителям ніжитися під теплими сонячними променями.<br>\r\n<br>\r\nТим, хто віддає перевагу активному відпочинку, припаде до смаку аквапарк «Акваполіс», який знаходиться в Ла Пінеді. В Салоу можна сміливо продовжити вивчення захоплюючих атракціонів, так як саме там розташовується неймовірний «Порт Авентура» з безліччю атракціонів на будь-який смак, шістьма тематичними парками і шоу ковбоїв — все це здатне підкорити серце будь-якої дитини.<br>\r\n<br>\r\n10. Архітектура та історія. Іспанія — багата на пам’ятки країна. А екскурсійні тури проводяться тут цілий рік. Якщо ви людина допитливий, то ця країна стане однією з ваших улюблених для відпочинку і подорожі.<br>\r\n<br>\r\nСередньовічні замки і пам’ятники римської епохи, театр-музей Сальвадора Далі і картинна галерея Ель Прадо, Собор Святого Сімейства і мечеть у Кордові, неповторна вежа Хіральда і собори в Севільї, палац Альгамбра і сади Хенераліфе в Гранаді, королівські палаци Ла Гранха, Аранхуесі і Мадриді.<br>\r\n<br>\r\nВідвідайте також місця, пов’язані з роботою і творчістю знаменитих іспанців: Ель Греко, Антоніо Гауді, Сальвадора Далі, Веласкеса, Гойї. Іспанія нікого не залишить байдужим.'),
(2, '2015-05-05', 'Фестиваль палінки в Будапешті!', 'Шановні туристи! Невдовзі в Будапешті розпочинається Фестиваль палінки*! Він є однією з обов&#039;язкових подій для відвідання в столиці Угорщини і, цілком можливо, найбільш автентичним фестивалем палінки у всій країні! Це угорський гастрономічний символ з довгою історією, яка повертається на 500 років назад. Щорічний Фестиваль палінки в Будапешті чекає на відвідувачів зі збільшеною площею, більшим різноманіттям учасників, і головне – з безкоштовним входом. Під час чотириденного фестивалю гості можуть відчути смак більше 300 різних видів палінки! Головним фруктом цьогорічного фестивалю є яблуко, тому у відвідувачів буде можливість спробувати найкращі види яблучних палінок з усієї країни! Також різні страви та напої з яблук будуть доповнювати дегустацію палінки, а жива музика наповнить фестиваль особливою атмосферою!<br>\r\n<br>\r\n* Палінка (угор. pálinka) – особливий вид горілки, який виготовляється з різних фруктів і є одним з найбільш традиційних напоїв в Угорщині.  <br>\r\n<br>\r\nДати проведення: 07.05 -10.05.2015<br>\r\nМісце проведення: Városháza Park, Budapest<br>\r\nВхід вільний!'),
(3, '2015-05-10', 'Шенген візи - новий порядок', 'Шановні туристи та партнери!<br>\r\nПовідомляємо Вас про зміни у процедурі подання та отримання віз.<br>\r\nВід 23 червня 2015р. консульські установи країн Шенгенської угоди в Україні запроваджують Візову Інформаційну Систему (VIS) – що є черговим етапом всесвітнього процесу запровадження даної системи.<br>\r\nПочинаючи від 23 червня 2015 року головна зміна для мешканців України, які бажатимуть отримати Шенгенську візу (С), полягатиме у тому, що всі заявники повинні будуть з’явитися особисто в консульську установу або ж у відповідний Пункт Прийому Візових Анкет з метою надання своїх біометричних даних (відбитків пальців та цифрової фотографії).<br>\r\nУ зв’язку з цим, остання подача за діючою процедурою без надання біометричних даних 19 червня 2015 року. <br>\r\nПросимо організувати якомога швидшу передачу всіх необхідних документів по заброньованих турах до 15 червня 2015 року.');

-- --------------------------------------------------------

--
-- Структура таблиці `one_tour`
--

CREATE TABLE IF NOT EXISTS `one_tour` (
  `id` int(11) NOT NULL,
  `id_tour` int(11) NOT NULL,
  `departure_date` date NOT NULL,
  `price` double NOT NULL,
  `h_price` double NOT NULL,
  `id_currency` int(11) NOT NULL,
  `seats` int(11) NOT NULL
) ENGINE=InnoDB AUTO_INCREMENT=10 DEFAULT CHARSET=utf8;

--
-- Дамп даних таблиці `one_tour`
--

INSERT INTO `one_tour` (`id`, `id_tour`, `departure_date`, `price`, `h_price`, `id_currency`, `seats`) VALUES
(1, 1, '2015-07-05', 5000, 5000, 1, 0),
(2, 1, '2015-07-12', 5000, 5000, 1, 3),
(3, 1, '2015-07-19', 5000, 5000, 1, 9),
(4, 1, '2015-07-26', 5000, 5000, 1, 30),
(5, 2, '2015-06-19', 500, 10535.4, 3, 20),
(6, 3, '2015-06-19', 500, 11619.5, 3, 20),
(7, 4, '2015-07-17', 3750, 78846.77, 3, 25),
(8, 5, '2015-07-14', 600, 12615.48, 3, 15),
(9, 6, '2015-07-23', 550, 11564.19, 3, 30);

-- --------------------------------------------------------

--
-- Структура таблиці `orders`
--

CREATE TABLE IF NOT EXISTS `orders` (
  `id` int(11) NOT NULL,
  `state` int(11) NOT NULL,
  `date` date NOT NULL,
  `id_one_tour` int(11) NOT NULL,
  `id_user` int(11) NOT NULL,
  `seats` int(11) NOT NULL
) ENGINE=InnoDB AUTO_INCREMENT=8 DEFAULT CHARSET=utf8;

--
-- Дамп даних таблиці `orders`
--

INSERT INTO `orders` (`id`, `state`, `date`, `id_one_tour`, `id_user`, `seats`) VALUES
(1, 5, '2015-06-04', 1, 3, 1),
(2, 3, '2015-06-04', 1, 3, 1),
(3, 2, '2015-06-04', 1, 3, 1),
(4, 4, '2015-06-05', 1, 4, 1),
(5, 5, '2015-06-05', 1, 4, 1),
(6, 5, '2015-06-05', 1, 4, 2),
(7, 5, '2015-06-05', 1, 4, 1);

-- --------------------------------------------------------

--
-- Структура таблиці `other`
--

CREATE TABLE IF NOT EXISTS `other` (
  `about` text NOT NULL,
  `date_update_currency` date NOT NULL,
  `main_slider` text NOT NULL
) ENGINE=InnoDB DEFAULT CHARSET=utf8;

--
-- Дамп даних таблиці `other`
--

INSERT INTO `other` (`about`, `date_update_currency`, `main_slider`) VALUES
('Наша компанія,  “Чумацький шлях”, успішно працює на туристичному ринку з 2015 року. Наша пристрасть – організовувати подорожі нашою країною та за її межами, та дарувати незабутні спогади туристам.<br>\r\n<br>\r\nМи пропонуємо широкий спектр туристичних послуг, що відповідають будь-яким вимогам клієнтів, забезпечуючи при цьому високоякісне обслуговування. Наша команда – це молоді, креативні, динамічні фахівці, які прикладуть максимум зусиль, що зробити Ваш відпочинок комфортним, безпечним і неперевершеним.<br>\r\n<br>\r\nЩороку ми прагнемо урізноманітнити і вдосконалити свої екскурсійні програми та маршрути, а наші гіди є висококваліфікованими фахівцями з великим досвідом в туристичній сфері.<br>\r\n<br>\r\nНашим клієнтам і партнерам ми гарантуємо швидке та якісне обслуговування. Маючи значний досвід роботи у сфері надання туристичних послуг, наша компанія постійно працює над підвищенням якості туристичного продукту. Пропонуємо Вам переконатися в цьому, довіривши свій відпочинок професіоналам!<br>\r\n<br>\r\nТелефонний номер: +38 094 587 69 45;<br>\r\n<br>\r\nНаша адреса: вул. Пастера, 18', '2015-06-07', '1|2|3|4|5|6');

-- --------------------------------------------------------

--
-- Структура таблиці `start_city`
--

CREATE TABLE IF NOT EXISTS `start_city` (
  `id` int(11) NOT NULL,
  `name` varchar(30) NOT NULL
) ENGINE=InnoDB AUTO_INCREMENT=9 DEFAULT CHARSET=utf8;

--
-- Дамп даних таблиці `start_city`
--

INSERT INTO `start_city` (`id`, `name`) VALUES
(1, 'Київ'),
(2, 'Харків'),
(3, 'Дніпропетровськ'),
(4, 'Одеса'),
(5, 'Запоріжжя'),
(6, 'Львів'),
(7, 'Миколаїв'),
(8, 'Чернігів');

-- --------------------------------------------------------

--
-- Структура таблиці `tour`
--

CREATE TABLE IF NOT EXISTS `tour` (
  `id` int(11) NOT NULL,
  `name` text NOT NULL,
  `type_of_tour` int(11) NOT NULL,
  `countries` text NOT NULL,
  `itinerary` text NOT NULL,
  `duration` int(11) NOT NULL,
  `id_start_city` int(11) NOT NULL,
  `short_description` text NOT NULL,
  `description` text NOT NULL,
  `photo` text NOT NULL,
  `popularity` int(11) NOT NULL,
  `date_regestration` date NOT NULL
) ENGINE=InnoDB AUTO_INCREMENT=7 DEFAULT CHARSET=utf8;

--
-- Дамп даних таблиці `tour`
--

INSERT INTO `tour` (`id`, `name`, `type_of_tour`, `countries`, `itinerary`, `duration`, `id_start_city`, `short_description`, `description`, `photo`, `popularity`, `date_regestration`) VALUES
(1, 'Подорожуймо Україною!', 1, '1', 'Київ ➔ Луцьк ➔ Львів ➔ Чернівці ➔ Вінниця ➔ Одеса ➔ Діпропетровськ ➔ Харків ➔ Полтава ➔ Київ', 7, 1, 'Подорожуймо Україною! Ми пропонуємо вам відвідати найбільші міста України від заходу до сходу.', 'Подорожуймо Україною! Ми пропонуємо вам відвідати найбільші міста України від заходу до сходу.', '7|3|4|1', 0, '2015-05-13'),
(2, 'Галопом по Європі!', 0, '', 'Київ ➔ Відень ➔ Мадрид ➔ Київ', 3, 0, 'Ми пропонуємо вам відвідати столиці 2-х європейських країн з чудовою атмосферою', '\r\n', '1|2', 0, '2015-05-15'),
(3, 'Літо на Мальдівах', 0, '', 'Київ ➔ Мале ➔ Київ ', 10, 0, 'Райський відпочинок на літо гарантовано!', '', '2|4', 0, '2015-05-22'),
(4, 'Навколо світу', 0, '', 'Київ ➔ Рим ➔ Париж ➔ Лондон ➔ Нью-Йорк ➔ Сідней ➔ Токіо ➔ Київ', 20, 0, 'Ми пропонуємо вам відвідати найбільші міста світу', '', '3|2', 0, '2015-05-22'),
(5, 'Подорож до Туреччини', 0, '', 'Одеса ➔ Стамбул ➔ Одеса', 5, 0, 'Відвідайте культурну столицю Туреччини і познайомтеся з її великим історичним надбанням', '', '5|3', 0, '2015-05-22'),
(6, 'Перлина Сходу', 0, '', 'Київ ➔ Абу-Дабі ➔ Київ', 5, 0, 'Відвідайте дивовижне місто, в якому безліч гарних мечетей, хмарочосів та інших архітектурних див', '', '6|3', 0, '2015-05-22');

-- --------------------------------------------------------

--
-- Структура таблиці `type_of_tour`
--

CREATE TABLE IF NOT EXISTS `type_of_tour` (
  `id` int(11) NOT NULL,
  `name` text NOT NULL
) ENGINE=InnoDB AUTO_INCREMENT=11 DEFAULT CHARSET=utf8;

--
-- Дамп даних таблиці `type_of_tour`
--

INSERT INTO `type_of_tour` (`id`, `name`) VALUES
(1, 'Автобусні тури'),
(2, 'Авіатури'),
(3, 'Відпочинок на морі'),
(4, 'Бюджетні тури'),
(5, 'Активний відпочинок'),
(6, 'Круїзи'),
(7, 'Гірськолижні тури'),
(8, 'Екзотика'),
(9, 'Лікувальні тури'),
(10, 'Новорічні тури');

-- --------------------------------------------------------

--
-- Структура таблиці `users`
--

CREATE TABLE IF NOT EXISTS `users` (
  `id` int(11) NOT NULL,
  `login` varchar(20) NOT NULL,
  `pib` text NOT NULL,
  `email` varchar(20) NOT NULL,
  `password` varchar(100) NOT NULL,
  `phone` text NOT NULL,
  `id_start_city` int(11) NOT NULL,
  `id_currency` int(11) NOT NULL,
  `admin` tinyint(1) NOT NULL,
  `avatar_format` text NOT NULL
) ENGINE=InnoDB AUTO_INCREMENT=5 DEFAULT CHARSET=utf8;

--
-- Дамп даних таблиці `users`
--

INSERT INTO `users` (`id`, `login`, `pib`, `email`, `password`, `phone`, `id_start_city`, `id_currency`, `admin`, `avatar_format`) VALUES
(1, 'max', 'Гальцев Максим Вікторович', 'max@ukr.net', '5e6503100f86028f90a049505ee82724', '+380973724799', 0, 0, 1, '.png'),
(2, 'user1', 'Німий Ігор Валентинович', 'user1@ur.ei', '7a74ffcadfbba11681f612c057d07ef3', '+380973584167', 3, 0, 0, '.jpg'),
(3, 'jack245', 'Кириленко Микита Олексійович', 'jack245@gmail.com', '12559d8e5626f89c15725466ba35be17', '+380509453519', 1, 1, 0, ''),
(4, 'Katrin006', 'Кріпова Катерина Олегівна', 'kate.kripova@ukr.net', '90900be6cdb9538cd704f5cdb2231f83', '+380547894754', 0, 1, 0, '.jpg');

--
-- Індекси збережених таблиць
--

--
-- Індекси таблиці `comments`
--
ALTER TABLE `comments`
  ADD PRIMARY KEY (`id`);

--
-- Індекси таблиці `countries`
--
ALTER TABLE `countries`
  ADD PRIMARY KEY (`id`);

--
-- Індекси таблиці `currency`
--
ALTER TABLE `currency`
  ADD PRIMARY KEY (`id`);

--
-- Індекси таблиці `news`
--
ALTER TABLE `news`
  ADD PRIMARY KEY (`id`);

--
-- Індекси таблиці `one_tour`
--
ALTER TABLE `one_tour`
  ADD PRIMARY KEY (`id`),
  ADD KEY `id_tour` (`id_tour`);

--
-- Індекси таблиці `orders`
--
ALTER TABLE `orders`
  ADD PRIMARY KEY (`id`);

--
-- Індекси таблиці `start_city`
--
ALTER TABLE `start_city`
  ADD PRIMARY KEY (`id`),
  ADD UNIQUE KEY `id` (`id`);

--
-- Індекси таблиці `tour`
--
ALTER TABLE `tour`
  ADD PRIMARY KEY (`id`),
  ADD KEY `type_of_tour` (`type_of_tour`);

--
-- Індекси таблиці `type_of_tour`
--
ALTER TABLE `type_of_tour`
  ADD PRIMARY KEY (`id`);

--
-- Індекси таблиці `users`
--
ALTER TABLE `users`
  ADD PRIMARY KEY (`id`),
  ADD UNIQUE KEY `id` (`id`),
  ADD KEY `start_city` (`id_start_city`);

--
-- AUTO_INCREMENT для збережених таблиць
--

--
-- AUTO_INCREMENT для таблиці `comments`
--
ALTER TABLE `comments`
  MODIFY `id` int(11) NOT NULL AUTO_INCREMENT,AUTO_INCREMENT=3;
--
-- AUTO_INCREMENT для таблиці `countries`
--
ALTER TABLE `countries`
  MODIFY `id` int(11) NOT NULL AUTO_INCREMENT,AUTO_INCREMENT=33;
--
-- AUTO_INCREMENT для таблиці `currency`
--
ALTER TABLE `currency`
  MODIFY `id` int(11) NOT NULL AUTO_INCREMENT,AUTO_INCREMENT=4;
--
-- AUTO_INCREMENT для таблиці `news`
--
ALTER TABLE `news`
  MODIFY `id` int(11) NOT NULL AUTO_INCREMENT,AUTO_INCREMENT=4;
--
-- AUTO_INCREMENT для таблиці `one_tour`
--
ALTER TABLE `one_tour`
  MODIFY `id` int(11) NOT NULL AUTO_INCREMENT,AUTO_INCREMENT=10;
--
-- AUTO_INCREMENT для таблиці `orders`
--
ALTER TABLE `orders`
  MODIFY `id` int(11) NOT NULL AUTO_INCREMENT,AUTO_INCREMENT=8;
--
-- AUTO_INCREMENT для таблиці `start_city`
--
ALTER TABLE `start_city`
  MODIFY `id` int(11) NOT NULL AUTO_INCREMENT,AUTO_INCREMENT=9;
--
-- AUTO_INCREMENT для таблиці `tour`
--
ALTER TABLE `tour`
  MODIFY `id` int(11) NOT NULL AUTO_INCREMENT,AUTO_INCREMENT=7;
--
-- AUTO_INCREMENT для таблиці `type_of_tour`
--
ALTER TABLE `type_of_tour`
  MODIFY `id` int(11) NOT NULL AUTO_INCREMENT,AUTO_INCREMENT=11;
--
-- AUTO_INCREMENT для таблиці `users`
--
ALTER TABLE `users`
  MODIFY `id` int(11) NOT NULL AUTO_INCREMENT,AUTO_INCREMENT=5;
/*!40101 SET CHARACTER_SET_CLIENT=@OLD_CHARACTER_SET_CLIENT */;
/*!40101 SET CHARACTER_SET_RESULTS=@OLD_CHARACTER_SET_RESULTS */;
/*!40101 SET COLLATION_CONNECTION=@OLD_COLLATION_CONNECTION */;
